{
   "dashboards": [{
      "autoswitchEnabled": false,
      "columnCount": 1,
      "columnProportion": "1-1",
      "creationTime": 1634036922607,
      "dashboardNavigations": {},
      "description": "",
      "disabled": false,
      "gridsterMaxColumns": 12,
      "hidden": false,
      "homeTab": false,
      "id": "0097c949-be94-4467-bd6b-fffe8de0a423",
      "importAttempts": 0,
      "importComplete": true,
      "lastUpdateTime": 1634060937931,
      "lastUpdateUserId": "287ed085-c6ca-4255-b69c-956f1665ed51",
      "locked": false,
      "name": "Cluster Details",
      "rank": 0,
      "shared": false,
      "states": [],
      "temporary": false,
      "userId": "287ed085-c6ca-4255-b69c-956f1665ed51",
      "widgetInteractions": [
         {
            "type": "resourceId",
            "widgetIdProvider": "2dd1f19f-a833-4421-b5c1-7bb0783598f5",
            "widgetIdReceiver": "e294e2fa-f97b-4d76-bc28-731de86e4487"
         },
         {
            "type": "resourceId",
            "widgetIdProvider": "2dd1f19f-a833-4421-b5c1-7bb0783598f5",
            "widgetIdReceiver": "0b367bcd-99bf-4253-9ed6-0fa9329eec72"
         },
         {
            "type": "resourceId",
            "widgetIdProvider": "24a601e7-c7a0-4a78-bb5d-4326a4287a5a",
            "widgetIdReceiver": "2728f0f4-6e09-48f4-a383-83bafd80fc59"
         },
         {
            "type": "resourceId",
            "widgetIdProvider": "2728f0f4-6e09-48f4-a383-83bafd80fc59",
            "widgetIdReceiver": "cf019e1b-b425-4968-b853-acddd92e1b81"
         }
      ],
      "widgets": [
         {
            "collapsed": false,
            "config": {
               "imageType": "square",
               "metricKey": "badge|health",
               "metricType": {"metricType": "custom"},
               "metricUnit": -1,
               "metricValue": "Health (%)",
               "orangeBound": 50,
               "redBound": 25,
               "refreshContent": {"refreshContent": true},
               "refreshInterval": 300,
               "resourceKindId": "resourceKind:id:0_::_",
               "resources": [{
                  "id": "66e0e2b4-4475-4621-80e0-5d131cd21624",
                  "name": "wdc-08-vc20c01"
               }],
               "selfProvider": {"selfProvider": true},
               "title": "Cluster Health",
               "yellowBound": 75
            },
            "gridsterCoords": {
               "h": 6,
               "w": 4,
               "x": 1,
               "y": 1
            },
            "height": 324,
            "id": "2dd1f19f-a833-4421-b5c1-7bb0783598f5",
            "title": "Cluster Health",
            "type": "ScoreboardHealth"
         },
         {
            "collapsed": false,
            "config": {
               "boxColumns": 3,
               "boxHeight": null,
               "customFilter": {
                  "excludedResources": null,
                  "filter": [],
                  "includedResources": null
               },
               "depth": 1,
               "labelSize": 16,
               "maxCellCount": 100,
               "metric": {
                  "mode": "resourceKind",
                  "resourceKindMetrics": [
                     {
                        "colorMethod": 2,
                        "handleOldColoring": false,
                        "id": "extModel8764-1",
                        "isStringMetric": false,
                        "label": "Physical CPUs (Cores)",
                        "link": "",
                        "metricKey": "cpu|corecount_provisioned",
                        "metricName": "CPU|Number of physical CPUs",
                        "metricUnitId": -1,
                        "orangeBound": null,
                        "redBound": null,
                        "resourceKindId": "resourceKind:id:0_::_",
                        "resourceKindName": "Cluster Compute Resource",
                        "unit": "Auto",
                        "yellowBound": null
                     },
                     {
                        "colorMethod": 2,
                        "handleOldColoring": false,
                        "id": "extModel8764-2",
                        "isStringMetric": false,
                        "label": "vCPUs Allocated to Powered On VMs",
                        "link": "",
                        "metricKey": "cpu|vcpus_allocated_on_all_powered_on_vms",
                        "metricName": "CPU|vCPUs Allocated on all Powered On Consumers",
                        "metricUnitId": null,
                        "orangeBound": null,
                        "redBound": null,
                        "resourceKindId": "resourceKind:id:0_::_",
                        "resourceKindName": "Cluster Compute Resource",
                        "unit": "",
                        "yellowBound": null
                     },
                     {
                        "colorMethod": 0,
                        "handleOldColoring": false,
                        "id": "extModel8764-3",
                        "isStringMetric": false,
                        "label": "CPU Overcommit Ratio",
                        "link": "",
                        "metricKey": "cpu|vcpus_to_cores_allocation_ratio",
                        "metricName": "CPU|Current Overcommit Ratio",
                        "metricUnitId": null,
                        "orangeBound": 4,
                        "redBound": 5,
                        "resourceKindId": "resourceKind:id:0_::_",
                        "resourceKindName": "Cluster Compute Resource",
                        "unit": "",
                        "yellowBound": 3
                     },
                     {
                        "colorMethod": 2,
                        "handleOldColoring": false,
                        "id": "extModel10621-1",
                        "isStringMetric": false,
                        "label": "ESXi Hosts",
                        "link": "",
                        "metricKey": "summary|total_number_hosts",
                        "metricName": "Summary|Total Number of Hosts",
                        "metricUnitId": null,
                        "orangeBound": null,
                        "redBound": null,
                        "resourceKindId": "resourceKind:id:0_::_",
                        "resourceKindName": "Cluster Compute Resource",
                        "unit": "",
                        "yellowBound": null
                     },
                     {
                        "colorMethod": 2,
                        "handleOldColoring": false,
                        "id": "extModel10621-2",
                        "isStringMetric": false,
                        "label": "VMs",
                        "link": "",
                        "metricKey": "summary|total_number_vms",
                        "metricName": "Summary|Total Number of VMs",
                        "metricUnitId": null,
                        "orangeBound": null,
                        "redBound": null,
                        "resourceKindId": "resourceKind:id:0_::_",
                        "resourceKindName": "Cluster Compute Resource",
                        "unit": "",
                        "yellowBound": null
                     },
                     {
                        "colorMethod": 2,
                        "handleOldColoring": false,
                        "id": "extModel10621-3",
                        "isStringMetric": false,
                        "label": "Datastores",
                        "link": "",
                        "metricKey": "summary|total_number_datastores",
                        "metricName": "Summary|Total Number of Datastores",
                        "metricUnitId": null,
                        "orangeBound": null,
                        "redBound": null,
                        "resourceKindId": "resourceKind:id:0_::_",
                        "resourceKindName": "Cluster Compute Resource",
                        "unit": "",
                        "yellowBound": null
                     },
                     {
                        "colorMethod": 0,
                        "handleOldColoring": false,
                        "id": "extModel9673-1",
                        "isStringMetric": false,
                        "label": "Critical Alerts",
                        "link": "",
                        "metricKey": "System Attributes|alert_count_critical",
                        "metricName": "vRealize Operations Generated|Alert Count Critical",
                        "metricUnitId": null,
                        "orangeBound": -1,
                        "redBound": 0,
                        "resourceKindId": "resourceKind:id:0_::_",
                        "resourceKindName": "Cluster Compute Resource",
                        "unit": "",
                        "yellowBound": -2
                     },
                     {
                        "colorMethod": 0,
                        "handleOldColoring": false,
                        "id": "extModel9673-2",
                        "isStringMetric": false,
                        "label": "Immediate Alerts",
                        "link": "",
                        "metricKey": "System Attributes|alert_count_immediate",
                        "metricName": "vRealize Operations Generated|Alert Count Immediate",
                        "metricUnitId": null,
                        "orangeBound": 0,
                        "redBound": 99999999999999,
                        "resourceKindId": "resourceKind:id:0_::_",
                        "resourceKindName": "Cluster Compute Resource",
                        "unit": "",
                        "yellowBound": -1
                     },
                     {
                        "colorMethod": 0,
                        "handleOldColoring": false,
                        "id": "extModel9673-3",
                        "isStringMetric": false,
                        "label": "Warning Alerts",
                        "link": "",
                        "metricKey": "System Attributes|alert_count_warning",
                        "metricName": "vRealize Operations Generated|Alert Count Warning",
                        "metricUnitId": null,
                        "orangeBound": 99999,
                        "redBound": 999999,
                        "resourceKindId": "resourceKind:id:0_::_",
                        "resourceKindName": "Cluster Compute Resource",
                        "unit": "",
                        "yellowBound": 0
                     }
                  ],
                  "resourceMetrics": [],
                  "subMode": "resourceKindAll"
               },
               "mode": {"layoutMode": "fixedView"},
               "oldMetricValues": false,
               "periodLength": null,
               "refreshContent": {"refreshContent": true},
               "refreshInterval": 300,
               "relationshipMode": {"relationshipMode": 0},
               "resInteractionMode": null,
               "resource": [],
               "roundDecimals": null,
               "selfProvider": {"selfProvider": false},
               "showDT": {"showDT": false},
               "showMetricName": {"showMetricName": true},
               "showMetricUnit": {"showMetricUnit": true},
               "showResourceName": {"showResourceName": false},
               "showSparkline": {"showSparkline": false},
               "title": "Properties (for selected Cluster)",
               "valueSize": 24,
               "visualTheme": 6
            },
            "gridsterCoords": {
               "h": 6,
               "w": 4,
               "x": 5,
               "y": 1
            },
            "height": 324,
            "id": "e294e2fa-f97b-4d76-bc28-731de86e4487",
            "title": "Properties (for selected Cluster)",
            "type": "Scoreboard"
         },
         {
            "collapsed": false,
            "config": {
               "alertAction": [],
               "alertImpact": [],
               "criticalityLevel": [],
               "customFilter": {
                  "excludedResources": null,
                  "filter": [],
                  "includedResources": null
               },
               "depth": 1,
               "filterMode": "tagPicker",
               "mode": "all",
               "refreshContent": {"refreshContent": true},
               "refreshInterval": 300,
               "relationshipMode": {"relationshipMode": [
                  -1,
                  0
               ]},
               "resource": [],
               "selfProvider": {"selfProvider": false},
               "state": [],
               "status": [],
               "tagFilter": null,
               "title": "Alert List (for selected Cluster)",
               "type": []
            },
            "gridsterCoords": {
               "h": 6,
               "w": 4,
               "x": 9,
               "y": 1
            },
            "height": 324,
            "id": "0b367bcd-99bf-4253-9ed6-0fa9329eec72",
            "states": [
               {
                  "key": "permViewMode_widget_0097c949-be94-4467-bd6b-fffe8de0a423_0b367bcd-99bf-4253-9ed6-0fa9329eec72",
                  "value": "s%3Atime"
               },
               {
                  "key": "permDateFilter_widget_0097c949-be94-4467-bd6b-fffe8de0a423_0b367bcd-99bf-4253-9ed6-0fa9329eec72",
                  "value": "s%3A%7B%22dateRange%22%3A%22last30Days%22%2C%22dateFrom%22%3Anull%2C%22dateTo%22%3Anull%2C%22timeFrom%22%3Anull%2C%22timeTo%22%3Anull%7D"
               },
               {
                  "key": "permAlertGrid_perm_widget_0097c949-be94-4467-bd6b-fffe8de0a423_0b367bcd-99bf-4253-9ed6-0fa9329eec72",
                  "value": "o%3Acolumns%3Da%253Ao%25253Aid%25253Ds%2525253Ah1%25255Ehidden%25253Db%2525253A1%25255Ewidth%25253Dn%2525253A100%255Eo%25253Aid%25253Ds%2525253Ah2%255Eo%25253Aid%25253Ds%2525253Ah3%255Eo%25253Aid%25253Ds%2525253Ah4%255Eo%25253Aid%25253Ds%2525253Ah5%255Eo%25253Aid%25253Ds%2525253Ah6%255Eo%25253Aid%25253Ds%2525253Ah7%25255Ehidden%25253Db%2525253A1%255Eo%25253Aid%25253Ds%2525253Ah8%25255Ehidden%25253Db%2525253A1%255Eo%25253Aid%25253Ds%2525253Ah9%25255Ehidden%25253Db%2525253A1%255Eo%25253Aid%25253Ds%2525253Ah10%25255Ehidden%25253Db%2525253A1%255Eo%25253Aid%25253Ds%2525253Ah11%25255Ehidden%25253Db%2525253A1%255Eo%25253Aid%25253Ds%2525253Ah12%25255Ehidden%25253Db%2525253A1%255Eo%25253Aid%25253Ds%2525253Ah13%25255Ehidden%25253Db%2525253A1%255Eo%25253Aid%25253Ds%2525253Ah14%25255Ehidden%25253Db%2525253A1%255Eo%25253Aid%25253Ds%2525253Ah15%25255Ehidden%25253Db%2525253A1%5EstoreState%3Do%253Asorters%253Da%25253Ao%2525253Aroot%2525253Ds%252525253Adata%2525255Eproperty%2525253Ds%252525253AstartTimeUtc%2525255Edirection%2525253Ds%252525253ADESC%2525255Eid%2525253Ds%252525253AstartTimeUtc"
               }
            ],
            "title": "Alert List (for selected Cluster)",
            "type": "AlertList"
         },
         {
            "collapsed": false,
            "config": {
               "chartViewItems": [
                  "legend",
                  "labels",
                  "title"
               ],
               "isUpdatedView": true,
               "refreshContent": {"refreshContent": true},
               "refreshInterval": 300,
               "resource": {
                  "id": "Ext.vcops.chrome.model.Resource-1",
                  "resourceId": "resource:id:0_::_",
                  "resourceKindId": "002006VMWAREvSphere World",
                  "resourceName": "vSphere World",
                  "traversalSpecId": ""
               },
               "selectFirstRow": {"selectFirstRow": true},
               "selfProvider": {"selfProvider": true},
               "title": "Clusters",
               "traversalSpecId": null,
               "viewDefinitionId": "4e48a574-d9f1-4ce9-b61e-6b17936cf419"
            },
            "gridsterCoords": {
               "h": 6,
               "w": 4,
               "x": 1,
               "y": 7
            },
            "height": 324,
            "id": "24a601e7-c7a0-4a78-bb5d-4326a4287a5a",
            "title": "Clusters",
            "type": "View"
         },
         {
            "collapsed": false,
            "config": {
               "chartViewItems": [
                  "legend",
                  "labels",
                  "title"
               ],
               "isUpdatedView": true,
               "refreshContent": {"refreshContent": true},
               "refreshInterval": 300,
               "resource": null,
               "selectFirstRow": {"selectFirstRow": true},
               "selfProvider": {"selfProvider": false},
               "title": "ESXi Hosts (for selected Cluster)",
               "traversalSpecId": "",
               "viewDefinitionId": "adda6203-2c87-468e-9c8c-66b146ee088a"
            },
            "gridsterCoords": {
               "h": 6,
               "w": 4,
               "x": 5,
               "y": 7
            },
            "height": 324,
            "id": "2728f0f4-6e09-48f4-a383-83bafd80fc59",
            "title": "ESXi Hosts (for selected Cluster)",
            "type": "View"
         },
         {
            "collapsed": false,
            "config": {
               "chartViewItems": [
                  "legend",
                  "labels",
                  "title"
               ],
               "isUpdatedView": true,
               "refreshContent": {"refreshContent": true},
               "refreshInterval": 300,
               "resource": null,
               "selectFirstRow": {"selectFirstRow": true},
               "selfProvider": {"selfProvider": false},
               "title": "VMs (for selected ESXi Host)",
               "traversalSpecId": "",
               "viewDefinitionId": "d8b00a70-c337-4cb1-b7aa-0a5d8a95e856"
            },
            "gridsterCoords": {
               "h": 6,
               "w": 4,
               "x": 9,
               "y": 7
            },
            "height": 324,
            "id": "cf019e1b-b425-4968-b853-acddd92e1b81",
            "title": "VMs (for selected ESXi Host)",
            "type": "View"
         },
         {
            "collapsed": false,
            "config": {
               "chartViewItems": ["legend"],
               "isUpdatedView": true,
               "refreshContent": {"refreshContent": true},
               "refreshInterval": 300,
               "resource": {
                  "id": "Ext.vcops.chrome.model.Resource-1",
                  "resourceId": "resource:id:0_::_",
                  "resourceKindId": "002006VMWAREvSphere World",
                  "resourceName": "vSphere World",
                  "traversalSpecId": ""
               },
               "selectFirstRow": {"selectFirstRow": false},
               "selfProvider": {"selfProvider": true},
               "title": "Cluster CPU Contention %",
               "traversalSpecId": null,
               "viewDefinitionId": "80f5ecf8-053a-422b-ad90-7ed8891cf6a8"
            },
            "gridsterCoords": {
               "h": 8,
               "w": 4,
               "x": 1,
               "y": 13
            },
            "height": 437,
            "id": "af3c7e3b-304c-4e65-a4b2-132aed748d45",
            "states": [{
               "key": "perm_toolbarVisible_widget_0097c949-be94-4467-bd6b-fffe8de0a423_af3c7e3b-304c-4e65-a4b2-132aed748d45",
               "value": "b%3A0"
            }],
            "title": "Cluster CPU Contention %",
            "type": "View"
         },
         {
            "collapsed": false,
            "config": {
               "chartViewItems": ["legend"],
               "isUpdatedView": true,
               "refreshContent": {"refreshContent": true},
               "refreshInterval": 300,
               "resource": {
                  "id": "Ext.vcops.chrome.model.Resource-2",
                  "resourceId": "resource:id:0_::_",
                  "resourceKindId": "002006VMWAREvSphere World",
                  "resourceName": "vSphere World",
                  "traversalSpecId": ""
               },
               "selectFirstRow": {"selectFirstRow": false},
               "selfProvider": {"selfProvider": true},
               "title": "ESXi Host CPU Contention %",
               "traversalSpecId": null,
               "viewDefinitionId": "28f5a7c0-b0ad-4226-864b-0e3ee706afc6"
            },
            "gridsterCoords": {
               "h": 8,
               "w": 4,
               "x": 5,
               "y": 13
            },
            "height": 438,
            "id": "b282f48f-298d-47b1-9b78-c14c2f94a6ae",
            "states": [{
               "key": "perm_toolbarVisible_widget_0097c949-be94-4467-bd6b-fffe8de0a423_b282f48f-298d-47b1-9b78-c14c2f94a6ae",
               "value": "b%3A0"
            }],
            "title": "ESXi Host CPU Contention %",
            "type": "View"
         },
         {
            "collapsed": false,
            "config": {
               "chartViewItems": ["legend"],
               "isUpdatedView": true,
               "refreshContent": {"refreshContent": true},
               "refreshInterval": 300,
               "resource": {
                  "id": "Ext.vcops.chrome.model.Resource-3",
                  "resourceId": "resource:id:0_::_",
                  "resourceKindId": "002006VMWAREvSphere World",
                  "resourceName": "vSphere World",
                  "traversalSpecId": ""
               },
               "selectFirstRow": {"selectFirstRow": false},
               "selfProvider": {"selfProvider": true},
               "title": "VM CPU Ready %",
               "traversalSpecId": null,
               "viewDefinitionId": "380970e1-c968-4b29-a647-d6f7c500fa1e"
            },
            "gridsterCoords": {
               "h": 8,
               "w": 4,
               "x": 9,
               "y": 13
            },
            "height": 437,
            "id": "ce23e3e3-13a7-46e1-900d-00488ccc6456",
            "states": [{
               "key": "perm_toolbarVisible_widget_0097c949-be94-4467-bd6b-fffe8de0a423_ce23e3e3-13a7-46e1-900d-00488ccc6456",
               "value": "b%3A0"
            }],
            "title": "VM CPU Ready %",
            "type": "View"
         }
      ]
   }],
   "entries": {
      "resource": [{
         "adapterKindKey": "VMWARE",
         "identifiers": [],
         "internalId": "resource:id:0_::_",
         "name": "vSphere World",
         "resourceKindKey": "vSphere World"
      }],
      "resourceKind": [{
         "adapterKindKey": "VMWARE",
         "internalId": "resourceKind:id:0_::_",
         "resourceKindKey": "ClusterComputeResource"
      }]
   },
   "uuid": "ccd5f215-5b9b-40a6-b49e-c2c8106ca707"
}